x,y,z,yaw
-73.51111602783203,-25.310930252075195,-34.28938293457031,1.5184663534164429
-73.5201416015625,-25.317062377929688,-34.298831939697266,1.5184504985809326
-73.52767944335938,-25.32308006286621,-34.304161071777344,1.5183881521224976
-73.53468322753906,-25.323915481567383,-34.30978012084961,1.5182727575302124
-73.54829406738281,-25.330379486083984,-34.32010269165039,1.518168330192566
-73.56440734863281,-25.333694458007812,-34.33202362060547,1.5179941654205322
-73.57579803466797,-25.336938858032227,-34.34260559082031,1.5178089141845703
-73.59123992919922,-25.33500862121582,-34.354248046875,1.5175974369049072
-73.6081771850586,-25.33363914489746,-34.36469650268555,1.5173237323760986
-73.62580871582031,-25.335115432739258,-34.3758430480957,1.5170159339904785
-73.64305877685547,-25.33714485168457,-34.39152526855469,1.5167289972305298
-73.6618881225586,-25.333534240722656,-34.40212631225586,1.5163906812667847
-73.67813873291016,-25.332637786865234,-34.418861389160156,1.51606285572052
-73.69561004638672,-25.33173179626465,-34.43146896362305,1.515721321105957
-73.71552276611328,-25.32939338684082,-34.44392013549805,1.5153478384017944
-73.72946166992188,-25.32646942138672,-34.454933166503906,1.5150331258773804
-73.7434310913086,-25.32198715209961,-34.464622497558594,1.5147110223770142
-73.75708770751953,-25.317867279052734,-34.480224609375,1.5143364667892456
-73.77516174316406,-25.318546295166016,-34.49015426635742,1.5139374732971191
-73.80149841308594,-25.323802947998047,-34.51394271850586,1.5134810209274292
-73.84048461914062,-25.334880828857422,-34.54340744018555,1.5128849744796753
-73.87776184082031,-25.34945297241211,-34.5758056640625,1.5122246742248535
-73.91918182373047,-25.363866806030273,-34.61014938354492,1.511518120765686
-73.96757507324219,-25.380802154541016,-34.650386810302734,1.5106656551361084
-74.01856231689453,-25.411283493041992,-34.696224212646484,1.5097886323928833
-74.05487060546875,-25.432817459106445,-34.733428955078125,1.5088768005371094
-74.08618927001953,-25.460363388061523,-34.76923751831055,1.5080362558364868
-74.10538482666016,-25.493295669555664,-34.80094909667969,1.5072276592254639
-74.11373138427734,-25.52524185180664,-34.82695388793945,1.5064908266067505
-74.11831665039062,-25.562524795532227,-34.85310745239258,1.5057852268218994
-74.10652160644531,-25.598485946655273,-34.8729362487793,1.505146861076355
-74.0872573852539,-25.638362884521484,-34.89107894897461,1.5046520233154297
-74.0556411743164,-25.68577766418457,-34.90753936767578,1.504299521446228
-74.00263214111328,-25.725223541259766,-34.91194534301758,1.504093050956726
-73.92626190185547,-25.762569427490234,-34.908714294433594,1.504175066947937
-73.83061218261719,-25.807655334472656,-34.89669418334961,1.5045942068099976
-73.70680236816406,-25.847227096557617,-34.87498092651367,1.5052818059921265
-73.56083679199219,-25.888944625854492,-34.847381591796875,1.50627863407135
-73.39432525634766,-25.93241310119629,-34.80653381347656,1.507534146308899
-73.22527313232422,-25.988069534301758,-34.771812438964844,1.5088757276535034
-73.06563568115234,-26.052846908569336,-34.744285583496094,1.510193109512329
-72.90011596679688,-26.128921508789062,-34.718570709228516,1.5116431713104248
-72.73539733886719,-26.21156883239746,-34.701351165771484,1.5131816864013672
-72.57940673828125,-26.300308227539062,-34.699588775634766,1.514728307723999
-72.42041778564453,-26.39513397216797,-34.69830322265625,1.5163750648498535
-72.26364135742188,-26.490299224853516,-34.695804595947266,1.5181277990341187
-72.09663391113281,-26.581220626831055,-34.6904411315918,1.520019292831421
-71.93310546875,-26.683427810668945,-34.69470977783203,1.5220662355422974
-71.76642608642578,-26.78801727294922,-34.69716262817383,1.524209976196289
-71.60740661621094,-26.903827667236328,-34.70840072631836,1.526442050933838
-71.45600128173828,-27.027347564697266,-34.72605514526367,1.5286344289779663
-71.30174255371094,-27.14896011352539,-34.74449920654297,1.5309077501296997
-71.12606048583984,-27.262556076049805,-34.75080108642578,1.5334336757659912
-70.94416809082031,-27.37931251525879,-34.75593566894531,1.5361089706420898
-70.75958251953125,-27.49767303466797,-34.7584342956543,1.538813591003418
-70.56175231933594,-27.61393165588379,-34.75891876220703,1.5414865016937256
-70.35921478271484,-27.73587989807129,-34.7627067565918,1.5441325902938843
-70.15164947509766,-27.851285934448242,-34.761905670166016,1.5466923713684082
-69.94705200195312,-27.973783493041992,-34.76609802246094,1.5491979122161865
-69.7371826171875,-28.10004234313965,-34.77219772338867,1.5516297817230225
-69.52301025390625,-28.230562210083008,-34.780574798583984,1.5539546012878418
-69.32308197021484,-28.364990234375,-34.79331588745117,1.5559879541397095
-69.12671661376953,-28.50601577758789,-34.81795120239258,1.5577939748764038
-68.92699432373047,-28.643625259399414,-34.8427848815918,1.5594028234481812
-68.72968292236328,-28.784765243530273,-34.87295150756836,1.5608100891113281
-68.52774047851562,-28.928632736206055,-34.90834426879883,1.5621098279953003
-68.32356262207031,-29.068971633911133,-34.943580627441406,1.5632911920547485
-68.12238311767578,-29.221324920654297,-34.98666763305664,1.564388632774353
-67.92054748535156,-29.36893081665039,-35.04145431518555,1.565356731414795
-67.7229995727539,-29.51543617248535,-35.10251998901367,1.566245198249817
-67.52420806884766,-29.664003372192383,-35.16779708862305,1.5670688152313232
-67.3265380859375,-29.80554962158203,-35.245548248291016,1.5678410530090332
-67.11321258544922,-29.93540382385254,-35.31753921508789,1.5687850713729858
-66.87832641601562,-30.059898376464844,-35.38356399536133,1.5701159238815308
-66.62057495117188,-30.17197608947754,-35.447898864746094,1.571829915046692
-66.35108947753906,-30.262210845947266,-35.508358001708984,1.5737727880477905
-66.06761932373047,-30.348886489868164,-35.5511589050293,1.57601797580719
-65.7661361694336,-30.421201705932617,-35.58574676513672,1.5784991979599
-65.4495849609375,-30.491117477416992,-35.61553955078125,1.5813260078430176
-65.11764526367188,-30.561336517333984,-35.63593673706055,1.5844372510910034
-64.77432250976562,-30.62569808959961,-35.651893615722656,1.587854266166687
-64.41441345214844,-30.679100036621094,-35.65178680419922,1.5915278196334839
-64.04934692382812,-30.729536056518555,-35.65113830566406,1.5952993631362915
-63.68480682373047,-30.778728485107422,-35.64799880981445,1.5991134643554688
-63.319026947021484,-30.830181121826172,-35.643821716308594,1.6030722856521606
-62.947509765625,-30.879430770874023,-35.631290435791016,1.607190728187561
-62.57906723022461,-30.929195404052734,-35.61748504638672,1.611440658569336
-62.206825256347656,-30.981475830078125,-35.59797668457031,1.6158478260040283
-61.83820343017578,-31.03911590576172,-35.583744049072266,1.620397686958313
-61.47557067871094,-31.10154914855957,-35.56622314453125,1.6250275373458862
-61.12410354614258,-31.17217254638672,-35.55442810058594,1.6296820640563965
-60.79084777832031,-31.253999710083008,-35.550296783447266,1.6343028545379639
-60.47419738769531,-31.339365005493164,-35.55125045776367,1.638864278793335
-60.16303253173828,-31.4366455078125,-35.54949951171875,1.643553614616394
-59.8530387878418,-31.542646408081055,-35.55244445800781,1.6484706401824951
-59.55831527709961,-31.66179656982422,-35.5649299621582,1.6534923315048218
-59.28218460083008,-31.78766441345215,-35.594810485839844,1.6585959196090698
-59.010536193847656,-31.912368774414062,-35.616676330566406,1.6638644933700562
-58.7515869140625,-32.047855377197266,-35.64391326904297,1.669249415397644
-58.51655960083008,-32.198429107666016,-35.689430236816406,1.6745489835739136
-58.30198287963867,-32.35894012451172,-35.743934631347656,1.6796987056732178
-58.10817337036133,-32.53045654296875,-35.812889099121094,1.6847988367080688
-57.92637634277344,-32.70075988769531,-35.88699722290039,1.6899172067642212
-57.74930191040039,-32.86902618408203,-35.96030807495117,1.6951520442962646
-57.57404708862305,-33.037471771240234,-36.03428268432617,1.7005103826522827
-57.401798248291016,-33.212249755859375,-36.115238189697266,1.7059599161148071
-57.24432373046875,-33.38928985595703,-36.204017639160156,1.711211085319519
-57.095577239990234,-33.5718994140625,-36.30501937866211,1.7162635326385498
-56.94963073730469,-33.74309158325195,-36.40339279174805,1.7211799621582031
-56.80648422241211,-33.90884017944336,-36.49930953979492,1.7260353565216064
-56.66453170776367,-34.07722473144531,-36.5922966003418,1.7308483123779297
-56.526973724365234,-34.24156188964844,-36.695316314697266,1.7355773448944092
-56.398712158203125,-34.402889251708984,-36.80501937866211,1.7400909662246704
-56.27294158935547,-34.572078704833984,-36.922569274902344,1.7444185018539429
-56.15126037597656,-34.7315673828125,-37.04093551635742,1.7484822273254395
-56.04457473754883,-34.899349212646484,-37.17509078979492,1.7521919012069702
-55.950836181640625,-35.0692253112793,-37.323326110839844,1.7555121183395386
-55.866859436035156,-35.23130416870117,-37.485355377197266,1.7584258317947388
-55.799827575683594,-35.399940490722656,-37.6608772277832,1.7610266208648682
-55.73162841796875,-35.5549201965332,-37.84413146972656,1.7634943723678589
-55.65968322753906,-35.68886947631836,-38.01727294921875,1.7659140825271606
-55.57631301879883,-35.8116340637207,-38.17490005493164,1.7685141563415527
-55.48500442504883,-35.938941955566406,-38.3348388671875,1.7713099718093872
-55.39680862426758,-36.067447662353516,-38.51180648803711,1.7741628885269165
-55.314048767089844,-36.188011169433594,-38.69619369506836,1.7769020795822144
-55.23167037963867,-36.30500793457031,-38.88607406616211,1.7796732187271118
-55.13935852050781,-36.409584045410156,-39.07004165649414,1.7825605869293213
-55.028846740722656,-36.5030632019043,-39.2459716796875,1.7857271432876587
-54.89159393310547,-36.58152770996094,-39.400657653808594,1.7894254922866821
-54.72822570800781,-36.646183013916016,-39.538909912109375,1.793689489364624
-54.551979064941406,-36.696414947509766,-39.66390609741211,1.79831862449646
-54.36378479003906,-36.74650573730469,-39.775760650634766,1.8032974004745483
-54.167442321777344,-36.791500091552734,-39.88503646850586,1.8085277080535889
-53.96110153198242,-36.829105377197266,-39.982051849365234,1.8140342235565186
-53.74689483642578,-36.87189483642578,-40.07670211791992,1.8199231624603271
-53.522884368896484,-36.909324645996094,-40.170230865478516,1.826107382774353
-53.29798889160156,-36.94895553588867,-40.26318359375,1.8325551748275757
-53.07172775268555,-36.98506164550781,-40.35354995727539,1.839228868484497
-52.84773635864258,-37.02601623535156,-40.442264556884766,1.8461096286773682
-52.627628326416016,-37.06902313232422,-40.543846130371094,1.8532445430755615
-52.42266082763672,-37.11918258666992,-40.64744567871094,1.8604180812835693
-52.23063659667969,-37.180572509765625,-40.76061248779297,1.867648959159851
-52.05454635620117,-37.25129699707031,-40.890716552734375,1.8749104738235474
-51.897605895996094,-37.34204864501953,-41.046669006347656,1.8822013139724731
-51.77505111694336,-37.44987106323242,-41.24295425415039,1.8892121315002441
-51.693668365478516,-37.578067779541016,-41.48065948486328,1.8957552909851074
-51.63785934448242,-37.705657958984375,-41.740875244140625,1.9020180702209473
-51.60514450073242,-37.84551239013672,-42.01889419555664,1.9082579612731934
-51.59002685546875,-37.99061965942383,-42.31686782836914,1.9145526885986328
-51.58587646484375,-38.14675521850586,-42.6298713684082,1.9209874868392944
-51.608299255371094,-38.307918548583984,-42.96257019042969,1.9272723197937012
-51.64920425415039,-38.47434997558594,-43.31166076660156,1.9334676265716553
-51.701744079589844,-38.634761810302734,-43.669429779052734,1.9397035837173462
-51.75849533081055,-38.80017852783203,-44.02570343017578,1.9460062980651855
-51.82206344604492,-38.96991729736328,-44.39349365234375,1.9523242712020874
-51.8913459777832,-39.12653732299805,-44.76312255859375,1.9585753679275513
-51.96565246582031,-39.28923797607422,-45.13727951049805,1.9647060632705688
-52.04905319213867,-39.45737838745117,-45.52008056640625,1.970621943473816
-52.133697509765625,-39.606590270996094,-45.895782470703125,1.9762800931930542
-52.21350860595703,-39.75442123413086,-46.26787567138672,1.9819178581237793
-52.28721237182617,-39.891231536865234,-46.625728607177734,1.987525463104248
-52.3516845703125,-40.01997375488281,-46.977962493896484,1.9931421279907227
-52.42088317871094,-40.141597747802734,-47.33256530761719,1.9985781908035278
-52.49363708496094,-40.2605094909668,-47.68972396850586,2.0037624835968018
-52.57448196411133,-40.37298583984375,-48.056976318359375,2.0086934566497803
-52.66462707519531,-40.47684860229492,-48.426876068115234,2.0132086277008057
-52.76142883300781,-40.566856384277344,-48.79915237426758,2.0174267292022705
-52.86479949951172,-40.65073776245117,-49.17355728149414,2.0213732719421387
-52.98141860961914,-40.721744537353516,-49.56000900268555,2.0249292850494385
-53.111331939697266,-40.78854751586914,-49.95512390136719,2.028006076812744
-53.252197265625,-40.850440979003906,-50.348575592041016,2.030714511871338
-53.40876770019531,-40.91465759277344,-50.7559928894043,2.0330324172973633
-53.56965637207031,-40.988258361816406,-51.18782424926758,2.0352230072021484
-53.722999572753906,-41.04299545288086,-51.626155853271484,2.0375397205352783
-53.87228012084961,-41.07395935058594,-52.06529998779297,2.0400288105010986
-54.00733184814453,-41.092105865478516,-52.47394943237305,2.0428431034088135
-54.1295051574707,-41.09462356567383,-52.87233352661133,2.046083927154541
-44.5675163269043,-36.42770767211914,-52.09938049316406,2.149768590927124
-45.155052185058594,-36.64472579956055,-52.55183410644531,2.1495699882507324
-45.69911193847656,-36.82829666137695,-52.98531723022461,2.1499836444854736
-46.20322036743164,-36.99946594238281,-53.39971923828125,2.1509618759155273
-46.66739273071289,-37.154022216796875,-53.8090934753418,2.1526196002960205
-47.08784103393555,-37.27941131591797,-54.19254684448242,2.155083179473877
-47.46988296508789,-37.39314270019531,-54.571964263916016,2.1583573818206787
-42.87102127075195,-37.062808990478516,-51.81440353393555,2.2111706733703613
-43.44657897949219,-37.161441802978516,-52.34208679199219,2.2133123874664307
-39.05077362060547,-36.844303131103516,-49.69572067260742,2.262263059616089
-34.98303985595703,-35.98416519165039,-47.142982482910156,2.3126137256622314
-29.019412994384766,-33.50841522216797,-44.785430908203125,2.3790130615234375
-25.338319778442383,-33.368309020996094,-42.52120590209961,2.4167730808258057
-26.73564338684082,-33.60508728027344,-43.584228515625,2.413973808288574
-23.170583724975586,-33.459228515625,-41.37944793701172,2.4498064517974854
-21.132394790649414,-32.050777435302734,-39.05928039550781,2.4315884113311768
-19.19578742980957,-30.7153263092041,-36.856170654296875,2.415523052215576
-17.355796813964844,-29.448362350463867,-34.764404296875,2.4014556407928467
-15.608733177185059,-28.247404098510742,-32.77760314941406,2.3896384239196777
-13.9497709274292,-27.10916519165039,-30.891071319580078,2.380204200744629
-12.373635292053223,-26.03108787536621,-29.099620819091797,2.373044729232788
-10.876425743103027,-25.008169174194336,-27.398975372314453,2.3679163455963135
-9.453152656555176,-24.03839874267578,-25.78463363647461,2.364558458328247
-8.096757888793945,-23.11948585510254,-24.251304626464844,2.362447500228882
-6.810692310333252,-22.24367332458496,-22.797632217407227,2.360976457595825
-5.592577934265137,-21.387752532958984,-21.42234992980957,2.353400468826294
-4.46480131149292,-20.554895401000977,-20.57552146911621,2.3781023025512695
-2.014504909515381,-21.064411163330078,-19.523239135742188,2.419276237487793
-1.02169668674469,-20.27659034729004,-18.310701370239258,2.4065496921539307
-0.11670854687690735,-19.513341903686523,-17.62347984313965,2.425067186355591
-3.0184478759765625,-20.15607452392578,-20.360979080200195,2.4357872009277344
0.7200977206230164,-17.102685928344727,-8.78248405456543,2.64109468460083
1.5856692790985107,-16.52300262451172,-8.107800483703613,2.6326348781585693
2.4017467498779297,-15.959281921386719,-7.464893341064453,2.6177663803100586
3.149967670440674,-15.427907943725586,-6.861578941345215,2.6155195236206055
3.869323253631592,-14.91075325012207,-6.28978157043457,2.6057028770446777
4.574095249176025,-14.416590690612793,-5.7364044189453125,2.586578369140625
5.286771774291992,-13.962306022644043,-5.208902835845947,2.573915719985962
5.900038242340088,-13.538856506347656,-4.715306758880615,2.592618465423584
7.8243536949157715,-14.403975486755371,-4.447990894317627,2.595331907272339
4.399624824523926,-14.935311317443848,-7.9121012687683105,2.605661630630493
6.393763065338135,-15.742700576782227,-7.484681606292725,2.615779399871826
8.28869342803955,-16.508962631225586,-7.0783586502075195,2.627774238586426
4.920083045959473,-16.871639251708984,-10.299881935119629,2.6296446323394775
6.890693664550781,-17.570560455322266,-9.751919746398926,2.6422526836395264
8.764935493469238,-18.233699798583984,-9.231514930725098,2.6569387912750244
10.543069839477539,-18.871870040893555,-8.737667083740234,2.672621726989746
14.232056617736816,-17.251121520996094,-8.298569679260254,2.7216670513153076
17.736356735229492,-15.711197853088379,-7.881691932678223,2.7669644355773926
18.92838478088379,-15.922388076782227,-7.413944721221924,2.783458709716797
20.085805892944336,-16.126934051513672,-6.968904972076416,2.8017547130584717
23.297760009765625,-14.644109725952148,-6.618610858917236,2.8417294025421143
24.228025436401367,-14.914148330688477,-6.210194110870361,2.857095241546631
27.232948303222656,-13.491949081420898,-5.897881507873535,2.893826961517334
30.088747024536133,-12.142589569091797,-5.601790428161621,2.9284753799438477
30.685649871826172,-12.535074234008789,-5.240059852600098,2.9401819705963135
31.24666976928711,-12.896413803100586,-4.891759872436523,2.9514787197113037
31.775434494018555,-13.241347312927246,-4.556369781494141,2.9626729488372803
34.40231704711914,-11.902382850646973,-4.327568054199219,2.993868350982666
34.78017044067383,-12.30603313446045,-4.024538516998291,3.0031306743621826
37.25680923461914,-11.013482093811035,-3.8221054077148438,3.032424211502075
37.487953186035156,-11.461297035217285,-3.5434765815734863,3.040001630783081
37.69004440307617,-11.885807037353516,-3.2788119316101074,3.046785831451416
38.01821517944336,-12.83308219909668,-3.07594633102417,3.0481584072113037
38.33256912231445,-13.741705894470215,-2.8838953971862793,3.0501251220703125
33.988529205322266,-13.805360794067383,-5.59004545211792,3.0214951038360596
29.875879287719727,-13.838781356811523,-8.138110160827637,2.9951364994049072
30.60126304626465,-14.687124252319336,-7.690097808837891,2.9996113777160645
26.687152862548828,-14.65083122253418,-10.089207649230957,2.974506378173828
22.994426727294922,-14.594079971313477,-12.342001914978027,2.951873779296875
24.058698654174805,-15.404866218566895,-11.682948112487793,2.9563751220703125
25.06743049621582,-16.17447280883789,-11.05601692199707,2.9612457752227783
26.027624130249023,-16.90565299987793,-10.460824012756348,2.966498613357544
31.231491088867188,-14.254645347595215,-12.314746856689453,3.016531229019165
31.7595157623291,-14.533037185668945,-11.601299285888672,3.0240468978881836
32.38313293457031,-15.34649658203125,-10.978662490844727,3.025376558303833
32.982059478759766,-16.128395080566406,-10.388789176940918,3.0287201404571533
33.42112731933594,-16.325294494628906,-9.766624450683594,3.03702449798584
33.966190338134766,-17.060726165771484,-9.237223625183105,3.0401785373687744
34.47951126098633,-17.761890411376953,-8.734088897705078,3.042802572250366
34.962791442871094,-18.430936813354492,-8.256205558776855,3.0451128482818604
35.4199333190918,-19.0698299407959,-7.80262565612793,3.047506093978882
35.8565788269043,-19.65616226196289,-7.369018077850342,3.050234317779541
36.269859313964844,-20.211057662963867,-6.9553375244140625,3.0532615184783936
40.878456115722656,-17.575305938720703,-8.927964210510254,3.088966131210327
41.05335998535156,-18.237215042114258,-8.437837600708008,3.091334104537964
45.42088317871094,-15.725791931152344,-10.331204414367676,3.1229755878448486
49.5690803527832,-13.350985527038574,-12.143710136413574,-3.132436752319336
53.502689361572266,-11.111949920654297,-13.858871459960938,-3.1081254482269287
57.229591369628906,-9.00035572052002,-15.47799015045166,-3.0871362686157227
60.75714874267578,-7.009245872497559,-17.013816833496094,-3.0690975189208984
55.60677719116211,-7.107125759124756,-18.534231185913086,-3.092837333679199
59.19264221191406,-5.237803936004639,-19.912986755371094,-3.0748112201690674
54.145442962646484,-5.416749477386475,-21.257654190063477,-3.0940401554107666
49.36878204345703,-5.592990875244141,-22.523151397705078,-3.110042095184326
53.21727752685547,-3.82997727394104,-23.644790649414062,-3.0907042026519775
48.533023834228516,-4.096073627471924,-24.754474639892578,-3.103010416030884
44.10652542114258,-4.355935573577881,-25.795005798339844,-3.1127054691314697
39.9197998046875,-4.611650466918945,-26.774253845214844,-3.120115041732788
35.9644889831543,-4.858064651489258,-27.687490463256836,-3.1255736351013184
40.40652847290039,-3.175208806991577,-28.482810974121094,-3.1039721965789795
44.61857223510742,-1.582938551902771,-29.232934951782227,-3.0861637592315674
48.597084045410156,-0.06986772269010544,-29.923389434814453,-3.071321964263916
48.37321472167969,-1.603568196296692,-28.376827239990234,-3.0826146602630615
48.15719223022461,-3.0821115970611572,-26.912227630615234,-3.094456672668457
53.090023040771484,-5.6404829025268555,-23.645957946777344,-3.075162410736084
57.7595329284668,-8.038202285766602,-20.538433074951172,-3.0558154582977295
62.172706604003906,-10.303094863891602,-17.59935760498047,-3.036520481109619
66.34671020507812,-12.434755325317383,-14.829644203186035,-3.0172441005706787
70.29094696044922,-14.457249641418457,-12.201506614685059,-2.998274564743042
74.01831817626953,-16.35204315185547,-9.71601390838623,-2.97957181930542
77.54908752441406,-18.170778274536133,-7.344931125640869,-2.9615890979766846
80.88994598388672,-19.859786987304688,-5.093767166137695,-2.943939208984375
84.04186248779297,-21.490951538085938,-2.961019515991211,-2.9269607067108154
87.01860809326172,-23.00799560546875,-0.9944544434547424,-2.9101054668426514
80.92015075683594,-22.320701599121094,-3.139554262161255,-2.9344210624694824
75.13613891601562,-21.65723419189453,-5.177411079406738,-2.954380512237549
69.64881134033203,-21.014055252075195,-7.115866661071777,-2.970431327819824
64.44585418701172,-20.394615173339844,-8.959085464477539,-2.9828929901123047
59.51340866088867,-19.796430587768555,-10.714787483215332,-2.991703987121582
54.843841552734375,-19.223237991333008,-12.383733749389648,-2.9969990253448486
50.422386169433594,-18.66225242614746,-13.975247383117676,-2.998811721801758
46.226200103759766,-18.12518882751465,-15.471555709838867,-2.9976556301116943
42.24417495727539,-17.606603622436523,-16.889123916625977,-2.993544340133667
38.46501541137695,-17.102949142456055,-18.24121856689453,-2.986511468887329
34.87531661987305,-16.613706588745117,-19.519765853881836,-2.976778984069824
31.472204208374023,-16.147672653198242,-20.728540420532227,-2.9642279148101807
32.318851470947266,-14.753074645996094,-20.376806259155273,-3.1120083332061768
33.160438537597656,-13.442533493041992,-20.04296875,3.040407419204712
33.980525970458984,-12.2693452835083,-19.721094131469727,2.9253902435302734
34.731990814208984,-11.12533950805664,-19.41637420654297,2.8269312381744385
31.2949275970459,-10.897371292114258,-20.630407333374023,2.8482418060302734
28.01456069946289,-10.665135383605957,-21.787607192993164,2.872354030609131
24.88323211669922,-10.429194450378418,-22.88677978515625,2.899172782897949
21.905593872070312,-10.195572853088379,-23.91944122314453,2.9287171363830566
19.083412170410156,-9.96973991394043,-24.900976181030273,2.9613640308380127
16.391267776489258,-9.73282241821289,-25.83838653564453,2.997053623199463
13.8268461227417,-9.491532325744629,-26.722576141357422,3.0354275703430176
16.502925872802734,-10.18701457977295,-31.118005752563477,3.0790891647338867
21.87165069580078,-8.50880241394043,-32.041378021240234,3.136866807937622
26.97219467163086,-6.901813983917236,-32.91096878051758,-3.09790301322937
31.834508895874023,-5.402427673339844,-33.79005813598633,-3.056180477142334
36.463661193847656,-3.986274003982544,-34.64636993408203,-3.019871234893799
41.66239929199219,-6.495523452758789,-31.054929733276367,-3.001415967941284
46.59379959106445,-8.891814231872559,-27.67120361328125,-2.9828970432281494
51.28475570678711,-11.149721145629883,-24.46656036376953,-2.964345932006836
55.74851608276367,-13.311450958251953,-21.429828643798828,-2.946185350418091
59.22532272338867,-11.528181076049805,-22.998506546020508,-2.910243272781372
62.533905029296875,-9.837191581726074,-24.498376846313477,-2.878278970718384
57.62026596069336,-9.467920303344727,-25.470260620117188,-2.85878849029541
52.944908142089844,-9.109814643859863,-26.392900466918945,-2.8376305103302
52.94174575805664,-10.115011215209961,-31.039718627929688,-2.8227059841156006
56.60617446899414,-8.502187728881836,-32.17966079711914,-2.798471212387085
60.095375061035156,-6.973457336425781,-33.27322006225586,-2.776853084564209
55.26200866699219,-6.706291675567627,-33.818721771240234,-2.7586569786071777
50.66625213623047,-6.441859245300293,-34.33828353881836,-2.7390735149383545
46.2916259765625,-6.17617654800415,-34.833160400390625,-2.718245267868042
42.12435531616211,-5.914015769958496,-35.31016159057617,-2.6963865756988525
38.15516662597656,-5.655250072479248,-35.761451721191406,-2.67366886138916
42.63426971435547,-4.2898850440979,-36.78023147583008,-2.665620803833008
38.60694122314453,-4.091469764709473,-37.17253112792969,-2.6440999507904053
34.767208099365234,-3.8936798572540283,-37.54722213745117,-2.622025489807129
31.103586196899414,-3.700164556503296,-37.916019439697266,-2.599534273147583
27.60606575012207,-3.5017545223236084,-38.26677703857422,-2.576637029647827
24.267892837524414,-3.303002119064331,-38.61223220825195,-2.553558826446533
21.081342697143555,-3.104116201400757,-38.94486618041992,-2.5303215980529785
18.03656578063965,-2.8939785957336426,-39.26819610595703,-2.5071494579315186
15.124131202697754,-2.685474395751953,-39.5752067565918,-2.48409104347229
20.902690887451172,-1.5066652297973633,-40.59210205078125,-2.4996891021728516
26.408411026000977,-0.4017159044742584,-41.55228042602539,-2.511521339416504
31.655807495117188,0.6428787112236023,-42.471107482910156,-2.520639419555664
27.983057022094727,0.7335766553878784,-42.62045669555664,-2.50115704536438
24.465913772583008,0.8360130190849304,-42.76644515991211,-2.4811251163482666
29.875761032104492,1.8204543590545654,-43.67350387573242,-2.493210554122925
28.93414306640625,0.807342529296875,-48.14480972290039,-2.4928882122039795
25.303407669067383,0.9377539753913879,-48.05497360229492,-2.4732825756073
21.831850051879883,1.0746999979019165,-47.98789596557617,-2.4535200595855713
27.469327926635742,2.0002598762512207,-48.776771545410156,-2.4686062335968018
32.843727111816406,2.8698952198028564,-49.52157974243164,-2.480804681777954
37.97385787963867,3.6848788261413574,-50.2482795715332,-2.4906084537506104
42.864871978759766,4.474949836730957,-50.954193115234375,-2.49873423576355
47.52875900268555,5.188166618347168,-51.67253494262695,-2.504990339279175
51.96470642089844,5.865531921386719,-52.35066223144531,-2.5099637508392334
47.0641975402832,5.851980686187744,-52.074729919433594,-2.4953789710998535
51.54820251464844,6.461019039154053,-52.81739807128906,-2.5015275478363037
55.82014465332031,7.024290561676025,-53.548580169677734,-2.5063979625701904
59.89204025268555,7.533076763153076,-54.24291229248047,-2.5098962783813477
63.76604080200195,8.015741348266602,-54.90335464477539,-2.5124995708465576
67.45588684082031,8.461122512817383,-55.553871154785156,-2.5144436359405518
70.9608383178711,8.859764099121094,-56.199256896972656,-2.5158445835113525
74.29930877685547,9.222824096679688,-56.825801849365234,-2.5167675018310547
71.5490951538086,7.75624418258667,-61.08697509765625,-2.517477512359619
74.87380981445312,8.120199203491211,-61.49998092651367,-2.517665147781372
78.03898620605469,8.462677001953125,-61.89026641845703,-2.517378568649292
81.05862426757812,8.769615173339844,-62.27130889892578,-2.5165975093841553
83.94305419921875,9.045199394226074,-62.65146255493164,-2.5154383182525635
86.69815826416016,9.289568901062012,-63.01044464111328,-2.513826370239258
89.32650756835938,9.510982513427734,-63.360469818115234,-2.511847972869873
91.84165954589844,9.702512741088867,-63.709083557128906,-2.5095412731170654
94.24385070800781,9.859407424926758,-64.05574798583984,-2.506808280944824
96.5439224243164,9.983826637268066,-64.39158630371094,-2.5036258697509766
98.74614715576172,10.080794334411621,-64.7248764038086,-2.4999752044677734
100.84647369384766,10.168883323669434,-65.02180480957031,-2.496054172515869
102.85566711425781,10.220466613769531,-65.32373046875,-2.4919793605804443
104.76770782470703,10.247257232666016,-65.6176528930664,-2.4877102375030518
106.5992202758789,10.25546646118164,-65.91007995605469,-2.483349561691284
108.35380554199219,10.236248970031738,-66.19941711425781,-2.478776693344116
105.12068939208984,8.180758476257324,-62.8610954284668,-2.4882736206054688
106.96870422363281,8.2130765914917,-63.3044548034668,-2.4826841354370117
108.73594665527344,8.240538597106934,-63.730621337890625,-2.4771130084991455
110.43399810791016,8.247597694396973,-64.1475830078125,-2.4716475009918213
112.06510162353516,8.237903594970703,-64.55924987792969,-2.466240644454956
113.62544250488281,8.22547721862793,-64.94715118408203,-2.4609291553497314
110.1285629272461,6.266980171203613,-61.67397689819336,-2.4733612537384033
111.80645751953125,6.320739269256592,-62.24821472167969,-2.467646837234497
113.41477966308594,6.357950210571289,-62.81037902832031,-2.4620563983917236
114.94872283935547,6.375584125518799,-63.38240432739258,-2.456698417663574
116.41905975341797,6.371135711669922,-63.94406509399414,-2.4514453411102295
117.826171875,6.355360507965088,-64.4987564086914,-2.4464492797851562
119.17583465576172,6.308539390563965,-65.04623413085938,-2.441574811935425
120.46528625488281,6.2692694664001465,-65.55110168457031,-2.4367904663085938
121.70790100097656,6.215919017791748,-66.06376647949219,-2.432274103164673
122.90082550048828,6.152827739715576,-66.55536651611328,-2.4279744625091553
124.03849029541016,6.09266471862793,-67.03545379638672,-2.4238967895507812
125.12760162353516,6.021219253540039,-67.51074981689453,-2.420074224472046
126.16768646240234,5.924159049987793,-67.97318267822266,-2.4164671897888184
122.0425033569336,4.084631443023682,-64.54952239990234,-2.4322447776794434
123.25224304199219,4.056814670562744,-65.15717315673828,-2.428009271621704
124.41043090820312,4.03109884262085,-65.73110961914062,-2.423999309539795
125.52104949951172,3.981088161468506,-66.28231811523438,-2.420163631439209
126.58354949951172,3.9275903701782227,-66.81227111816406,-2.416569948196411
127.60398864746094,3.8692636489868164,-67.29993438720703,-2.413130521774292
128.58645629882812,3.813986301422119,-67.76414489746094,-2.4099583625793457
129.531982421875,3.750924825668335,-68.20036315917969,-2.407041549682617
130.4429473876953,3.6879642009735107,-68.60938262939453,-2.404426336288452
131.32266235351562,3.624544620513916,-69.00595092773438,-2.402135133743286
132.1651611328125,3.5643436908721924,-69.3788833618164,-2.4000396728515625
132.98275756835938,3.4977097511291504,-69.73484802246094,-2.39817476272583
133.76893615722656,3.432537078857422,-70.07662963867188,-2.3965559005737305
134.52096557617188,3.362414836883545,-70.40687561035156,-2.3951871395111084
135.24539184570312,3.282676935195923,-70.73680114746094,-2.3940181732177734
135.9378662109375,3.1995890140533447,-71.05391693115234,-2.3930015563964844
136.60446166992188,3.1209001541137695,-71.36408996582031,-2.392122507095337
137.23670959472656,3.0275471210479736,-71.68049621582031,-2.3913867473602295
137.8430633544922,2.933823347091675,-71.9876708984375,-2.390723705291748
138.42828369140625,2.831831932067871,-72.29566955566406,-2.3901782035827637
138.9888916015625,2.7341041564941406,-72.5943374633789,-2.389781951904297
139.5338897705078,2.6374220848083496,-72.89967346191406,-2.3896539211273193
140.06785583496094,2.5579850673675537,-73.17479705810547,-2.3897082805633545
140.590576171875,2.4880547523498535,-73.45177459716797,-2.390268087387085
141.11203002929688,2.4398443698883057,-73.72237396240234,-2.3913064002990723
141.63343811035156,2.4029552936553955,-73.99496459960938,-2.3929126262664795
142.1556854248047,2.3793129920959473,-74.26923370361328,-2.395012140274048
142.6703643798828,2.374934434890747,-74.53582763671875,-2.397460460662842
143.17877197265625,2.383343458175659,-74.80705261230469,-2.4002130031585693
143.6908721923828,2.405320882797241,-75.08148956298828,-2.403282403945923
144.20176696777344,2.4475529193878174,-75.3581771850586,-2.406614303588867
144.70571899414062,2.4919209480285645,-75.65606689453125,-2.410360097885132
145.2030487060547,2.5613348484039307,-75.94576263427734,-2.41433048248291
145.71580505371094,2.6544270515441895,-76.21429443359375,-2.4186105728149414
146.22601318359375,2.780787229537964,-76.47138214111328,-2.4232895374298096
146.7531280517578,2.9210872650146484,-76.72511291503906,-2.428342342376709
147.29107666015625,3.082671880722046,-76.99010467529297,-2.433922290802002
147.8333282470703,3.278663396835327,-77.24139404296875,-2.439849853515625
148.38174438476562,3.480165958404541,-77.48707580566406,-2.4460270404815674
148.9333038330078,3.701336145401001,-77.72357940673828,-2.4524216651916504
149.48085021972656,3.936332941055298,-77.96187591552734,-2.458859920501709
150.02236938476562,4.174252510070801,-78.19056701660156,-2.4653072357177734
150.55612182617188,4.406477928161621,-78.42127990722656,-2.4717142581939697
151.0623321533203,4.635787010192871,-78.6489028930664,-2.477896213531494
151.54531860351562,4.861275672912598,-78.87323760986328,-2.483823299407959
151.99879455566406,5.089288711547852,-79.07842254638672,-2.4894142150878906
152.4285430908203,5.310577869415283,-79.2788314819336,-2.494835376739502
152.83653259277344,5.531919956207275,-79.48931884765625,-2.5001108646392822
153.2241668701172,5.770177841186523,-79.69147491455078,-2.505178928375244
153.5824432373047,6.011552810668945,-79.89344024658203,-2.5100810527801514
148.5413818359375,3.654613971710205,-84.82872772216797,-2.527226686477661
144.14137268066406,1.6833388805389404,-89.33820343017578,-2.541285514831543
137.227783203125,0.8859541416168213,-94.05664825439453,-2.556239366531372
126.94987487792969,1.4960918426513672,-92.20225524902344,-2.566040515899658
117.1706314086914,2.0622177124023438,-90.48806762695312,-2.57124400138855
107.8614501953125,2.586906671524048,-88.90983581542969,-2.5728251934051514
99.00923156738281,3.0818519592285156,-87.45348358154297,-2.5714735984802246
90.58534240722656,3.543130874633789,-86.11740112304688,-2.5678186416625977
82.58179473876953,3.9680402278900146,-84.88694763183594,-2.5622398853302
74.97588348388672,4.35590124130249,-83.76673126220703,-2.5550904273986816
67.74657440185547,4.719133377075195,-82.75784301757812,-2.5468196868896484
60.886138916015625,5.061825752258301,-81.83094787597656,-2.5376720428466797
54.372169494628906,5.367776870727539,-80.97183990478516,-2.5278213024139404
48.17963409423828,5.641644477844238,-80.22080993652344,-2.51754093170166
42.29579544067383,5.880517482757568,-79.55137634277344,-2.5069878101348877
36.707801818847656,6.0959038734436035,-78.95896911621094,-2.496354818344116
31.403614044189453,6.27730131149292,-78.4540023803711,-2.4858574867248535
26.370790481567383,6.433427333831787,-78.00212860107422,-2.4754514694213867
21.59192657470703,6.5721306800842285,-77.62274169921875,-2.4653143882751465
17.06540298461914,6.686139106750488,-77.2943115234375,-2.4554431438446045
12.765289306640625,6.772819995880127,-77.01554870605469,-2.445768117904663
8.684791564941406,6.8353495597839355,-76.79031372070312,-2.436316967010498
4.818504333496094,6.878518104553223,-76.60624694824219,-2.4272549152374268
1.1594035625457764,6.90896463394165,-76.45214080810547,-2.4185452461242676
-2.3146748542785645,6.921449184417725,-76.34355926513672,-2.410264253616333
-5.599587917327881,6.912908554077148,-76.25135803222656,-2.4023871421813965
-8.712885856628418,6.874471187591553,-76.20565795898438,-2.395043134689331
-11.665624618530273,6.818838119506836,-76.20137786865234,-2.3881006240844727
-14.465551376342773,6.748861312866211,-76.22151184082031,-2.3814384937286377
-17.121854782104492,6.643409252166748,-76.26753997802734,-2.375119209289551
-19.65587043762207,6.51227331161499,-76.35686492919922,-2.3691868782043457
-22.060651779174805,6.349398136138916,-76.48774719238281,-2.3638062477111816
-24.329118728637695,6.166687965393066,-76.63054656982422,-2.3588850498199463
-26.46312141418457,5.95769739151001,-76.78996276855469,-2.354478359222412
-28.465553283691406,5.7155842781066895,-76.97259521484375,-2.3508312702178955
-30.334217071533203,5.46933650970459,-77.1793441772461,-2.348106622695923
-32.07820129394531,5.229646682739258,-77.3757553100586,-2.345750570297241
-33.69280242919922,4.9711995124816895,-77.57341766357422,-2.3438243865966797
-35.18339157104492,4.701677322387695,-77.76619720458984,-2.342451333999634
-36.548484802246094,4.424421310424805,-77.9595947265625,-2.3419137001037598
-37.80568313598633,4.153470993041992,-78.14434814453125,-2.3419454097747803
-38.9614372253418,3.8669352531433105,-78.3337631225586,-2.342787742614746
-40.0202751159668,3.5674853324890137,-78.49906158447266,-2.3443868160247803
-41.00281524658203,3.2750749588012695,-78.63995361328125,-2.3464834690093994
-41.91935729980469,2.971961498260498,-78.7488021850586,-2.348604440689087
-42.79081726074219,2.6604623794555664,-78.85648345947266,-2.350646734237671
-43.619930267333984,2.340785264968872,-78.95207977294922,-2.352332592010498
-44.411231994628906,2.000012159347534,-79.01719665527344,-2.353884696960449
-45.17491912841797,1.6318782567977905,-79.0549545288086,-2.355520009994507
-45.908504486083984,1.2341089248657227,-79.0792465209961,-2.3575692176818848
-46.585670471191406,0.8267265558242798,-79.0820541381836,-2.360468864440918
-47.205875396728516,0.4023497700691223,-79.05470275878906,-2.364508628845215
-47.76942825317383,-0.041997045278549194,-79.00708770751953,-2.369941234588623
-48.2807502746582,-0.4905264675617218,-78.93094635009766,-2.376282215118408
-48.743675231933594,-0.9586406946182251,-78.84253692626953,-2.3835012912750244
-49.16317367553711,-1.4631422758102417,-78.73985290527344,-2.391611337661743
-49.53948211669922,-1.9926577806472778,-78.63377380371094,-2.4002559185028076
-49.865806579589844,-2.542522430419922,-78.5203857421875,-2.4093310832977295
-50.14043426513672,-3.109545946121216,-78.38573455810547,-2.4193766117095947
-50.373260498046875,-3.6881251335144043,-78.22897338867188,-2.430675506591797
-50.55651092529297,-4.287052631378174,-78.0644302368164,-2.443498373031616
-41.09252166748047,-1.7808866500854492,-77.3146743774414,-2.5157175064086914
-41.676517486572266,-2.542715549468994,-77.16012573242188,-2.5264201164245605
-32.702552795410156,-0.10640738904476166,-76.37158203125,-2.5818095207214355
-33.66071319580078,-1.0158823728561401,-76.22673034667969,-2.5902209281921387
-29.770523071289062,-2.5040204524993896,-72.3873062133789,-2.6707472801208496
-27.373523712158203,-2.7164418697357178,-69.01693725585938,-2.5826644897460938
-25.118465423583984,-2.9182963371276855,-65.31710052490234,-2.546194076538086
-22.968050003051758,-3.108138084411621,-61.79991912841797,-2.510080099105835
-20.884119033813477,-3.2657759189605713,-58.95989990234375,-2.4253578186035156
-18.9589900970459,-3.429506301879883,-55.761558532714844,-2.3895576000213623
-17.11945152282715,-3.5945141315460205,-52.71889114379883,-2.352093458175659
-15.3710298538208,-3.7470357418060303,-49.82784652709961,-2.315657377243042
-6.380706787109375,-7.035848140716553,-45.76136779785156,-2.4177405834198
2.1708974838256836,-10.13190746307373,-41.88846206665039,-2.504809856414795
2.957246780395508,-9.943716049194336,-39.537017822265625,-2.4755775928497314
3.705192804336548,-9.760030746459961,-37.30208206176758,-2.4466476440429688
4.4153361320495605,-9.581180572509766,-35.178707122802734,-2.4180819988250732
5.09159517288208,-9.405200004577637,-33.161407470703125,-2.390152931213379
5.734182357788086,-9.233109474182129,-31.24396514892578,-2.3626492023468018
6.343718528747559,-9.065953254699707,-29.420963287353516,-2.3355114459991455
6.921811580657959,-8.905104637145996,-27.687179565429688,-2.30859375
7.471575736999512,-8.750020027160645,-26.038442611694336,-2.281965970993042
7.993903160095215,-8.599252700805664,-24.471904754638672,-2.2553212642669678
8.49061107635498,-8.451711654663086,-22.98352813720703,-2.2281301021575928
8.961258888244629,-8.305719375610352,-21.569669723510742,-2.200653314590454
9.408101081848145,-8.16331672668457,-20.225788116455078,-2.1729812622070312
9.833669662475586,-8.024980545043945,-18.94832420349121,-2.1450905799865723
10.235737800598145,-7.892291069030762,-17.73367691040039,-2.116414785385132
10.618735313415527,-7.76357889175415,-16.578956604003906,-2.08681583404541
10.982733726501465,-7.6372389793396,-15.481956481933594,-2.0563595294952393
11.328789710998535,-7.512928009033203,-14.440020561218262,-2.0251784324645996
11.658233642578125,-7.392362594604492,-13.449138641357422,-1.9931830167770386
11.971671104431152,-7.274235725402832,-12.507033348083496,-1.9612263441085815
12.269519805908203,-7.1594462394714355,-11.610764503479004,-1.9291268587112427
12.552311897277832,-7.047804355621338,-10.758251190185547,-1.8969614505767822
12.819147109985352,-6.938040256500244,-9.947202682495117,-1.8655112981796265
13.072457313537598,-6.831274509429932,-9.175065994262695,-1.8342550992965698
13.314969062805176,-6.727632999420166,-8.43994426727295,-1.8024954795837402
13.544682502746582,-6.624621868133545,-7.741264343261719,-1.7697938680648804
13.763474464416504,-6.522940158843994,-7.076693534851074,-1.735784888267517
13.970717430114746,-6.413618564605713,-6.447588920593262,-1.7003198862075806
11.105427742004395,-7.7503981590271,-8.580513000488281,-1.8389570713043213
14.762298583984375,-6.686704635620117,-8.152098655700684,-2.2176830768585205
14.9171142578125,-6.557833671569824,-8.024606704711914,-2.217195987701416
15.05113697052002,-6.430095195770264,-7.903828144073486,-2.2227015495300293
12.290813446044922,-7.742693901062012,-9.797150611877441,-2.5035221576690674
13.903787612915039,-8.895037651062012,-9.274678230285645,-2.9453518390655518
11.204133987426758,-10.068381309509277,-11.063457489013672,-3.1071033477783203
8.632730484008789,-11.176945686340332,-12.74278736114502,3.0437514781951904
6.180367946624756,-12.229875564575195,-14.331886291503906,2.93619441986084
3.837158679962158,-13.231494903564453,-15.83998966217041,2.8479106426239014
1.5848305225372314,-14.180721282958984,-17.25562858581543,2.772301197052002
-0.5805780291557312,-15.085001945495605,-18.596281051635742,2.7058939933776855
-2.6594350337982178,-15.943601608276367,-19.86313247680664,2.646789073944092
-4.648043632507324,-16.749835968017578,-21.048709869384766,2.593993902206421
-6.5400590896606445,-17.517736434936523,-22.155481338500977,2.5466508865356445
-8.346465110778809,-18.249225616455078,-23.191627502441406,2.503800868988037
-10.069008827209473,-18.946651458740234,-24.160669326782227,2.464768648147583
-11.720892906188965,-19.6184024810791,-25.074478149414062,2.428819179534912
-13.31032657623291,-20.255802154541016,-25.936613082885742,2.395024538040161
-14.836572647094727,-20.860395431518555,-26.740312576293945,2.3630552291870117
-16.290037155151367,-21.43904685974121,-27.481840133666992,2.3332254886627197
-17.66452980041504,-21.991283416748047,-28.164064407348633,2.3059425354003906
-18.962223052978516,-22.516189575195312,-28.79495620727539,2.2813475131988525
-20.19092559814453,-23.015043258666992,-29.38801383972168,2.2591493129730225
-21.355426788330078,-23.491260528564453,-29.934795379638672,2.2387638092041016
-22.455427169799805,-23.94170570373535,-30.442995071411133,2.2201919555664062
-23.500932693481445,-24.365142822265625,-30.917781829833984,2.2029061317443848
-24.49723243713379,-24.771493911743164,-31.363433837890625,2.1866676807403564
-25.446794509887695,-25.154714584350586,-31.77777671813965,2.1714563369750977
-26.353384017944336,-25.525188446044922,-32.17038345336914,2.157346725463867
-27.21803092956543,-25.874935150146484,-32.54082107543945,2.1441686153411865
-28.047483444213867,-26.205371856689453,-32.88872528076172,2.1316425800323486
-28.84615135192871,-26.51482582092285,-33.21052932739258,2.119518756866455
-29.603740692138672,-26.8061466217041,-33.504390716552734,2.1080551147460938
-30.318315505981445,-27.071128845214844,-33.765785217285156,2.097321033477783
-30.9841251373291,-27.313364028930664,-33.99242401123047,2.0874276161193848
-31.603363037109375,-27.531982421875,-34.1885986328125,2.0783231258392334
-32.18836975097656,-27.73996353149414,-34.362430572509766,2.0697944164276123
-32.73650360107422,-27.927034378051758,-34.51470947265625,2.061666488647461
-33.244842529296875,-28.092668533325195,-34.6400260925293,2.053997039794922
-33.71052551269531,-28.234004974365234,-34.735809326171875,2.0468852519989014
-34.13897705078125,-28.36116600036621,-34.811405181884766,2.04025936126709
-34.52301025390625,-28.468740463256836,-34.86157989501953,2.034217596054077
-34.86445999145508,-28.555044174194336,-34.886962890625,2.0287599563598633
-35.17064666748047,-28.624788284301758,-34.890960693359375,2.023785352706909
-35.43659973144531,-28.674711227416992,-34.87142562866211,2.0193450450897217
-35.670440673828125,-28.710647583007812,-34.834598541259766,2.0154285430908203
-35.8725471496582,-28.73646354675293,-34.79184341430664,2.0120491981506348
-36.05725860595703,-28.746505737304688,-34.74431228637695,2.0087132453918457
-36.23748779296875,-28.74466323852539,-34.69356918334961,2.004997968673706
-36.4091682434082,-28.735898971557617,-34.64419174194336,2.0011980533599854
-36.56462097167969,-28.710954666137695,-34.58155059814453,1.9975545406341553
-36.71437454223633,-28.679229736328125,-34.52384948730469,1.9939736127853394
-36.87740707397461,-28.647993087768555,-34.48414993286133,1.989888072013855
-37.05984115600586,-28.617572784423828,-34.46759033203125,1.9850261211395264
-37.245574951171875,-28.578414916992188,-34.458839416503906,1.9795070886611938
-37.43400192260742,-28.528152465820312,-34.454524993896484,1.9735747575759888
-37.62092590332031,-28.477230072021484,-34.45724868774414,1.967435598373413
-37.80881118774414,-28.420591354370117,-34.463043212890625,1.9610929489135742
-38.00459671020508,-28.364500045776367,-34.48281478881836,1.9544000625610352
-38.198543548583984,-28.29668617248535,-34.5040168762207,1.9474270343780518
-38.3714485168457,-28.220359802246094,-34.50830841064453,1.940682053565979
-38.53383255004883,-28.13282585144043,-34.50740432739258,1.9339842796325684
-38.68926239013672,-28.037717819213867,-34.50026321411133,1.927229642868042
-38.84482955932617,-27.93288230895996,-34.49404525756836,1.9202789068222046
-39.00354766845703,-27.821487426757812,-34.48536682128906,1.9130966663360596
-39.154273986816406,-27.70290756225586,-34.47261047363281,1.906051754951477
-39.28897476196289,-27.579273223876953,-34.450279235839844,1.899346113204956
-39.4187126159668,-27.445167541503906,-34.429500579833984,1.892723560333252
-39.541622161865234,-27.306621551513672,-34.405548095703125,1.886215329170227
-39.65700149536133,-27.16292381286621,-34.38100814819336,1.879823923110962
-39.78529357910156,-27.013586044311523,-34.37382507324219,1.8731119632720947
-39.93000411987305,-26.863069534301758,-34.3770637512207,1.8659461736679077
-40.08526611328125,-26.709787368774414,-34.38795471191406,1.8584744930267334
-40.24615478515625,-26.55402374267578,-34.41399002075195,1.8508129119873047
-40.40464782714844,-26.391643524169922,-34.43932342529297,1.8431715965270996
-40.554256439208984,-26.22365951538086,-34.46772003173828,1.835763931274414
-40.70309829711914,-26.053625106811523,-34.500022888183594,1.8283331394195557
-40.85320281982422,-25.879440307617188,-34.543373107910156,1.8207776546478271
-40.99916076660156,-25.69706153869629,-34.586158752441406,1.8132201433181763
-41.1439094543457,-25.511795043945312,-34.630149841308594,1.8056581020355225
-41.285911560058594,-25.319732666015625,-34.68096160888672,1.79802405834198
-41.428932189941406,-25.126182556152344,-34.74156951904297,1.7903361320495605
-41.57143020629883,-24.926584243774414,-34.8057746887207,1.7825113534927368
-41.715633392333984,-24.725605010986328,-34.882789611816406,1.7745816707611084
-41.8719367980957,-24.52159309387207,-34.981571197509766,1.766371250152588
-42.05630111694336,-24.31951332092285,-35.11049270629883,1.7575687170028687
-42.25139617919922,-24.101533889770508,-35.254207611083984,1.7482621669769287
-42.43754196166992,-23.873170852661133,-35.39983367919922,1.739104986190796
-42.595916748046875,-23.628263473510742,-35.532371520996094,1.7305793762207031
-42.72150421142578,-23.37392807006836,-35.638336181640625,1.7228535413742065
-42.81144332885742,-23.106094360351562,-35.7273063659668,1.7157782316207886
-42.89430618286133,-22.83799934387207,-35.81776428222656,1.7088595628738403
-42.97871017456055,-22.573686599731445,-35.91706466674805,1.701711893081665
-43.06387710571289,-22.295682907104492,-36.02727127075195,1.6945022344589233
-43.14071273803711,-22.01793670654297,-36.13297653198242,1.68771231174469
-43.22502136230469,-21.739490509033203,-36.24799728393555,1.680903434753418
-43.33013153076172,-21.464324951171875,-36.39491271972656,1.6736550331115723
-43.45651626586914,-21.18690299987793,-36.569766998291016,1.665908932685852
-43.60165786743164,-20.907541275024414,-36.76590347290039,1.65781831741333
-43.76351547241211,-20.619705200195312,-36.98206329345703,1.6494163274765015
-43.937767028808594,-20.32756996154785,-37.213077545166016,1.640882134437561
-44.124698638916016,-20.028247833251953,-37.45941925048828,1.6320929527282715
-44.31844711303711,-19.720232009887695,-37.71195983886719,1.62313711643219
-44.5173454284668,-19.40643310546875,-37.97724151611328,1.6140018701553345
-44.72101593017578,-19.088895797729492,-38.2514762878418,1.6046587228775024
-44.92206573486328,-18.762195587158203,-38.52555465698242,1.5951249599456787
-36.16178894042969,-22.847326278686523,-34.619667053222656,1.581751823425293
-36.8040657043457,-22.29155731201172,-35.1050910949707,1.5731550455093384
-37.393611907958984,-21.74913215637207,-35.55790710449219,1.5651198625564575
-28.872873306274414,-25.629150390625,-31.861833572387695,1.5479462146759033
-29.847806930541992,-24.87977409362793,-32.47820281982422,1.5421619415283203
-30.775279998779297,-24.16607093811035,-33.08620071411133,1.536036491394043
-31.67123794555664,-23.470096588134766,-33.686309814453125,1.52926766872406
-32.54100036621094,-22.800628662109375,-34.28425598144531,1.5218265056610107
-33.379844665527344,-22.15376091003418,-34.8846435546875,1.5139203071594238
-34.187530517578125,-21.530855178833008,-35.4808235168457,1.5056532621383667
-34.96963119506836,-20.93511199951172,-36.081424713134766,1.4969855546951294
-35.7208137512207,-20.353023529052734,-36.69108581542969,1.4879798889160156
-36.43855667114258,-19.781295776367188,-37.29994201660156,1.4787477254867554
-37.12438201904297,-19.220966339111328,-37.9055290222168,1.4693694114685059
-37.77132797241211,-18.67020034790039,-38.500877380371094,1.459883689880371
-38.38165283203125,-18.13412857055664,-39.096099853515625,1.4503337144851685
-38.96448516845703,-17.611034393310547,-39.70402908325195,1.440632700920105
-39.50980758666992,-17.091228485107422,-40.32321548461914,1.4307820796966553
-40.019287109375,-16.576900482177734,-40.9450569152832,1.4208226203918457
-40.49745559692383,-16.070640563964844,-41.575233459472656,1.4107272624969482
-40.94474411010742,-15.582538604736328,-42.22907257080078,1.4003880023956299
-41.358890533447266,-15.096953392028809,-42.89254379272461,1.3897705078125
-41.740596771240234,-14.621631622314453,-43.57935333251953,1.378990650177002
-42.095184326171875,-14.14571762084961,-44.28042221069336,1.3680305480957031
-42.40369415283203,-13.668627738952637,-44.99147415161133,1.35734224319458
-42.68157196044922,-13.193586349487305,-45.71604537963867,1.3469552993774414
-42.94015884399414,-12.732288360595703,-46.45650863647461,1.3363343477249146
-43.176151275634766,-12.295376777648926,-47.23005294799805,1.3254426717758179
-43.39567565917969,-11.874272346496582,-48.027809143066406,1.3143278360366821
-43.602481842041016,-11.481231689453125,-48.85362243652344,1.3029472827911377
-43.79221725463867,-11.107684135437012,-49.71228790283203,1.291353702545166
-43.95840072631836,-10.752628326416016,-50.595645904541016,1.279556393623352
-44.1074104309082,-10.416769981384277,-51.49413299560547,1.2675069570541382
-44.23161315917969,-10.108901977539062,-52.42296600341797,1.255120038986206
-44.33213424682617,-9.820232391357422,-53.3822021484375,1.2424644231796265
-44.40903854370117,-9.55810832977295,-54.37306213378906,1.2295514345169067
-44.47075271606445,-9.308592796325684,-55.38973617553711,1.2161487340927124
-44.508174896240234,-9.10598373413086,-56.45854949951172,1.20223867893219
-44.52068328857422,-8.925189971923828,-57.57759094238281,1.1877702474594116
-44.51194381713867,-8.774247169494629,-58.72812271118164,1.1728129386901855
-44.46477508544922,-8.667118072509766,-59.930538177490234,1.157128930091858
-44.374473571777344,-8.585151672363281,-61.20067596435547,1.1408138275146484
-44.25528335571289,-8.50098991394043,-62.4715576171875,1.1245336532592773
-44.11997604370117,-8.436664581298828,-63.70371627807617,1.1086406707763672
-43.97462844848633,-8.379563331604004,-64.9278564453125,1.092734456062317
-43.82200622558594,-8.363097190856934,-66.12625122070312,1.0763957500457764
-43.65201187133789,-8.377235412597656,-67.3405532836914,1.0593745708465576
-43.45755386352539,-8.435006141662598,-68.57176971435547,1.0417890548706055
-43.23484802246094,-8.534499168395996,-69.83097076416016,1.023810625076294
-42.99309158325195,-8.7013521194458,-71.10336303710938,1.0055314302444458
-42.7491455078125,-8.891210556030273,-72.36949157714844,0.9870636463165283
-42.45899200439453,-9.1654052734375,-73.66297149658203,0.9682685136795044
-42.10693359375,-9.501193046569824,-74.98971557617188,0.9492429494857788
-41.70841598510742,-9.891894340515137,-76.33533477783203,0.9300446510314941
-41.256431579589844,-10.35972785949707,-77.69857788085938,0.9107406139373779
-40.758487701416016,-10.882416725158691,-79.06706237792969,0.8913735151290894
-40.224205017089844,-11.458892822265625,-80.40936279296875,0.8720720410346985
-39.62807846069336,-12.107871055603027,-81.73578643798828,0.8528411388397217
-38.961483001708984,-12.850912094116211,-83.04520416259766,0.8335145711898804
-38.241886138916016,-13.64513874053955,-84.32438659667969,0.8141066431999207
-37.475135803222656,-14.51416015625,-85.56550598144531,0.7945290207862854
-36.66084671020508,-15.47223949432373,-86.7371597290039,0.7747303247451782
-35.773521423339844,-16.50358009338379,-87.85903930664062,0.7547085881233215
-34.80887985229492,-17.605342864990234,-88.92597961425781,0.7345944046974182
-33.785240173339844,-18.74481773376465,-89.91441345214844,0.7148096561431885
-32.76511001586914,-19.90345573425293,-90.83492279052734,0.6952725052833557
-31.802108764648438,-21.060604095458984,-91.68386840820312,0.6757990121841431
-30.88047218322754,-22.229543685913086,-92.4391098022461,0.6565254330635071
-29.966236114501953,-23.41929054260254,-93.11201477050781,0.6377047896385193
-29.041444778442383,-24.61310577392578,-93.74163055419922,0.619575023651123
-28.16442108154297,-25.783761978149414,-94.307373046875,0.6022100448608398
-27.37677574157715,-26.918935775756836,-94.80917358398438,0.585355281829834
-26.637130737304688,-28.064388275146484,-95.23933410644531,0.568565845489502
-25.925315856933594,-29.227739334106445,-95.60665893554688,0.5517749786376953
-25.20178985595703,-30.435253143310547,-95.91243743896484,0.5349321365356445
-24.490009307861328,-31.635053634643555,-96.16868591308594,0.5183823108673096
-23.834394454956055,-32.81971740722656,-96.39997863769531,0.5024170279502869
-23.247257232666016,-33.9925651550293,-96.58319091796875,0.48684510588645935
-22.68494415283203,-35.16590881347656,-96.71878814697266,0.47140368819236755
-21.72715187072754,-33.16500473022461,-98.6751937866211,0.4605538845062256
-21.250638961791992,-34.45798110961914,-98.60993957519531,0.4446012079715729
-20.782716751098633,-35.72567367553711,-98.50118255615234,0.42797932028770447
-20.326171875,-36.98857116699219,-98.34638214111328,0.41078439354896545
-19.86606788635254,-38.22138595581055,-98.18070983886719,0.3935670554637909
-19.455562591552734,-39.36823272705078,-97.99113464355469,0.3764297664165497
-19.074111938476562,-40.47543716430664,-97.76404571533203,0.3589399755001068
-18.70725440979004,-41.55586624145508,-97.54419708251953,0.34136390686035156
-11.845541954040527,-35.8912239074707,-96.24273681640625,0.32740724086761475
-11.94721508026123,-37.15180969238281,-96.07354736328125,0.31033435463905334
-12.076404571533203,-38.358001708984375,-95.8985366821289,0.29307684302330017
-12.225319862365723,-39.48902130126953,-95.70178985595703,0.2757708728313446
-12.372970581054688,-40.552764892578125,-95.49687957763672,0.2585236728191376
-12.530975341796875,-41.56855773925781,-95.27679443359375,0.24164699018001556
-12.7098388671875,-42.517784118652344,-95.03075408935547,0.22498548030853271
-12.896559715270996,-43.42707061767578,-94.75926971435547,0.2083158791065216
-13.083114624023438,-44.30487823486328,-94.46387481689453,0.191712886095047
-13.266695976257324,-45.143310546875,-94.14181518554688,0.17510777711868286
-13.435785293579102,-45.93818664550781,-93.78800964355469,0.15856008231639862
-13.599961280822754,-46.699161529541016,-93.40505981445312,0.14213046431541443
-13.760306358337402,-47.41688919067383,-93.01048278808594,0.1259167194366455
-13.934685707092285,-48.08498764038086,-92.60377502441406,0.10999395698308945
-14.110759735107422,-48.70661163330078,-92.18633270263672,0.09439780563116074
-14.283138275146484,-49.27748107910156,-91.73516082763672,0.07884352654218674
-14.441827774047852,-49.81014633178711,-91.275634765625,0.06332429498434067
-14.575360298156738,-50.316680908203125,-90.78473663330078,0.047527462244033813
-14.687142372131348,-50.79133605957031,-90.27835083007812,0.03171567618846893
-14.813898086547852,-51.23312759399414,-89.79840087890625,0.01646374724805355
-14.989630699157715,-51.62729263305664,-89.34869384765625,0.001930466154590249
-15.192197799682617,-51.96156311035156,-88.90534210205078,-0.011937578208744526
-15.419776916503906,-52.24085998535156,-88.46890258789062,-0.025111056864261627
-15.65772819519043,-52.48261260986328,-88.04058837890625,-0.03769576922059059
-15.92466926574707,-52.67311096191406,-87.6267318725586,-0.04986930266022682
-8.095519065856934,-53.038875579833984,-81.60259246826172,-0.013765058480203152
-0.6311246752738953,-53.376251220703125,-75.88720703125,0.02286713384091854
6.5046916007995605,-53.6657600402832,-70.48773193359375,0.060114581137895584
12.401911735534668,-47.65850830078125,-69.67481231689453,0.05472363531589508
10.565408706665039,-48.115325927734375,-70.04261016845703,0.036022935062646866
8.797197341918945,-48.56096267700195,-70.37644958496094,0.017995955422520638
14.631385803222656,-42.804996490478516,-69.52182006835938,0.010477104224264622
20.18276023864746,-37.32969284057617,-68.69482421875,-0.0007559733930975199
25.477535247802734,-32.1112174987793,-67.9223403930664,-0.015393367037177086
31.443756103515625,-33.46896743774414,-62.88361358642578,0.027445876970887184
28.539701461791992,-34.62627410888672,-63.54912567138672,0.0101974718272686
25.798635482788086,-35.758819580078125,-64.16868591308594,-0.0069121369160711765
23.1894588470459,-36.842559814453125,-64.77381896972656,-0.02358279563486576
20.68752670288086,-37.86791229248047,-65.33955383300781,-0.04007342830300331
18.319629669189453,-38.888946533203125,-65.88284301757812,-0.056047938764095306
16.04501724243164,-39.87602615356445,-66.41403198242188,-0.0711778923869133
13.840181350708008,-40.799320220947266,-66.92096710205078,-0.08561031520366669
11.716266632080078,-41.68745040893555,-67.41533660888672,-0.0993867740035057
9.676527976989746,-42.5612678527832,-67.87334442138672,-0.11268732696771622
7.73832893371582,-43.4024772644043,-68.30486297607422,-0.12591002881526947
5.8978495597839355,-44.23369598388672,-68.6842269897461,-0.1392243355512619
4.159500598907471,-45.07182693481445,-69.03108215332031,-0.15220703184604645
2.5184853076934814,-45.88218688964844,-69.35260009765625,-0.16482096910476685
0.9635279774665833,-46.67813491821289,-69.62947082519531,-0.17720310389995575
8.29011344909668,-47.215179443359375,-64.5068588256836,-0.12855124473571777
6.454010486602783,-48.00202560424805,-65.04326629638672,-0.14228245615959167
4.706121921539307,-48.78045654296875,-65.53491973876953,-0.15547755360603333
3.0620877742767334,-49.5457763671875,-65.97994232177734,-0.16808365285396576
1.5252817869186401,-50.29792404174805,-66.39268493652344,-0.18024607002735138
0.0808764323592186,-51.04228973388672,-66.7598648071289,-0.19202640652656555
-1.2605133056640625,-51.791927337646484,-67.0902099609375,-0.2032681405544281
-2.5157041549682617,-52.52073287963867,-67.39925384521484,-0.2139456421136856
-3.693084716796875,-53.2463493347168,-67.67973327636719,-0.22405537962913513
-4.808443069458008,-53.96608352661133,-67.94485473632812,-0.23350827395915985
-5.8408308029174805,-54.676185607910156,-68.185546875,-0.24242064356803894
1.7707293033599854,-54.68474578857422,-63.27613067626953,-0.18992221355438232
0.4533315896987915,-55.42900848388672,-63.69572067260742,-0.20103561878204346
-0.7788333892822266,-56.172393798828125,-64.07748413085938,-0.21158045530319214
-1.9140526056289673,-56.918758392333984,-64.43451690673828,-0.22123441100120544
-2.9727447032928467,-57.646263122558594,-64.78372955322266,-0.23007690906524658
-3.9538774490356445,-58.37171936035156,-65.11414337158203,-0.23818890750408173
-4.858330249786377,-59.103878021240234,-65.42407989501953,-0.24549032747745514
-5.691900730133057,-59.842899322509766,-65.74124145507812,-0.2518129050731659
-6.469320297241211,-60.58956527709961,-66.05702209472656,-0.25719064474105835
-7.203874111175537,-61.33613586425781,-66.38904571533203,-0.2615692913532257
0.44551903009414673,-61.08330154418945,-61.624874114990234,-0.20673400163650513
-0.6469592452049255,-61.86387252807617,-62.2496223449707,-0.2123086303472519
-1.6829650402069092,-62.63323974609375,-62.87327575683594,-0.21723616123199463
-2.6660678386688232,-63.39862823486328,-63.47740173339844,-0.22175832092761993
-3.5940942764282227,-64.18004608154297,-64.06249237060547,-0.2256879210472107
-4.488337516784668,-64.97654724121094,-64.65742492675781,-0.2288285344839096
-5.362154960632324,-65.76705932617188,-65.27837371826172,-0.23114313185214996
-6.218011856079102,-66.56062316894531,-65.92742919921875,-0.23261968791484833
-7.046897888183594,-67.36009216308594,-66.5879898071289,-0.2333032637834549
-7.854213237762451,-68.14712524414062,-67.2789535522461,-0.23326164484024048
0.11456380784511566,-67.97178649902344,-62.37046432495117,-0.1740802377462387
-1.0937612056732178,-68.77969360351562,-63.386695861816406,-0.17580625414848328
-2.253412961959839,-69.56607055664062,-64.3996353149414,-0.17707312107086182
-3.4081180095672607,-70.3114242553711,-65.42804718017578,-0.1778828501701355
-4.531394004821777,-71.05551147460938,-66.42959594726562,-0.17829808592796326
-5.615866661071777,-71.78629302978516,-67.41923522949219,-0.17831912636756897
-6.658862590789795,-72.47483825683594,-68.40117645263672,-0.17810186743736267
0.3106823265552521,-64.7171630859375,-67.91859436035156,-0.17564910650253296
6.95647668838501,-57.325042724609375,-67.49362182617188,-0.1770462542772293
5.208005905151367,-58.752601623535156,-68.5385513305664,-0.1761813461780548
3.53416109085083,-60.10665512084961,-69.55257415771484,-0.17545345425605774
1.9458469152450562,-61.410552978515625,-70.5299301147461,-0.17484568059444427
0.4323374330997467,-62.62901306152344,-71.49720001220703,-0.1743646115064621
7.118493556976318,-55.33484649658203,-70.9720458984375,-0.1783696562051773
13.481658935546875,-48.40129089355469,-70.48709106445312,-0.1857157051563263
11.322540283203125,-50.19377136230469,-71.52042388916016,-0.18438653647899628
9.240354537963867,-51.87592697143555,-72.51325225830078,-0.18343161046504974
7.236235618591309,-53.4435920715332,-73.48918151855469,-0.18276642262935638
14.835087776184082,-54.4014778137207,-68.0447006225586,-0.12170527875423431
22.069683074951172,-55.25586700439453,-62.85501480102539,-0.061337605118751526
19.330978393554688,-56.516571044921875,-64.27182006835938,-0.06847210228443146
26.30353355407715,-57.241966247558594,-59.21327209472656,-0.010203338228166103
32.924442291259766,-57.90047073364258,-54.453025817871094,0.04615657776594162
39.208526611328125,-58.53451919555664,-49.96852493286133,0.10021626204252243
35.59557342529297,-59.46984100341797,-51.915096282958984,0.08156424015760422
32.153324127197266,-60.27963638305664,-53.77284622192383,0.0638822391629219
28.805892944335938,-60.95808410644531,-55.504234313964844,0.046634573489427567
25.58270835876465,-61.56012725830078,-57.15982437133789,0.030504809692502022
22.503427505493164,-62.09211730957031,-58.75228500366211,0.015567027032375336
19.48395347595215,-62.4633903503418,-60.20377731323242,0.0005422077956609428
16.63414764404297,-62.808895111083984,-61.564910888671875,-0.013750084675848484
13.921420097351074,-63.075050354003906,-62.867210388183594,-0.02730298414826393
11.326688766479492,-63.25933074951172,-64.12052917480469,-0.039978187531232834
8.809723854064941,-63.34068298339844,-65.32511901855469,-0.051752056926488876
6.3793625831604,-63.372955322265625,-66.46028900146484,-0.06260519474744797
12.977821350097656,-56.577667236328125,-66.14702606201172,-0.06760810315608978
19.258333206176758,-50.158390045166016,-65.83699035644531,-0.07610230147838593
25.232280731201172,-44.08497619628906,-65.53704071044922,-0.08760654926300049
30.906002044677734,-38.34039306640625,-65.2390365600586,-0.10185351222753525
36.296138763427734,-32.92026138305664,-64.94567108154297,-0.11850281059741974
41.412437438964844,-27.79859733581543,-64.62603759765625,-0.13722243905067444
37.249019622802734,-29.205955505371094,-65.551025390625,-0.14161765575408936
43.370208740234375,-31.183191299438477,-60.227935791015625,-0.07536592334508896
48.08357620239258,-26.22382164001465,-60.04846954345703,-0.09611353278160095
43.62992477416992,-27.62772560119629,-61.05718994140625,-0.10444552451372147
39.40472412109375,-28.939029693603516,-61.97080993652344,-0.11288289725780487
44.27813720703125,-24.164962768554688,-61.62949752807617,-0.13196583092212677
40.02433395385742,-25.61824607849121,-62.4453239440918,-0.13884922862052917
44.859561920166016,-21.034822463989258,-62.02785110473633,-0.15808968245983124
40.60690689086914,-22.617088317871094,-62.76022720336914,-0.16325601935386658
45.366268157958984,-18.209476470947266,-62.28226089477539,-0.18218792974948883
49.867164611816406,-14.035114288330078,-61.80924987792969,-0.20258033275604248
54.12569046020508,-10.090312004089355,-61.35541915893555,-0.22435683012008667
